event_id,datetime,latitude,longitude,depth_km,magnitude,is_aftershock,parent_event_id
225,2010-09-27 12:22:37,37.71667,143.98333,12.48,1.0,True,216.0
286,2010-12-17 01:47:50,36.38333,144.25,7.69,0.9,True,282.0
362,2011-03-13 15:15:54,38.78333,142.7,13.12,4.0,True,361.0
368,2011-03-14 00:53:19,38.53333,143.35,35.99,1.2,True,351.0
374,2011-03-15 04:24:26,40.41667,144.98333,38.94,4.4,True,353.0
389,2011-03-17 19:07:10,37.11667,145.6,36.41,1.2,True,349.0
409,2011-03-22 20:36:25,36.55,143.35,15.32,1.1,True,393.0
477,2011-04-17 04:37:45,38.11667,144.43333,34.18,4.1,True,443.0
492,2011-04-24 19:42:55,37.66667,142.73333,48.76,0.9,True,486.0
544,2011-06-05 03:50:10,38.73333,144.51667,7.22,0.9,True,543.0
592,2011-08-12 23:04:22,39.83333,143.76667,3.57,0.9,True,590.0
869,2012-06-23 07:04:09,36.16667,140.16667,44.7,1.3,True,866.0
870,2012-06-23 11:37:01,36.21667,140.16667,44.77,0.8,True,869.0
1049,2012-09-17 21:41:21,40.18333,143.38333,8.04,1.0,True,1048.0
1398,2013-02-10 15:30:00,41.58333,145.31667,9.38,1.2,True,1397.0
1661,2013-05-12 06:12:58,36.01667,140.13333,45.66,0.8,True,1625.0
1761,2013-06-07 15:53:33,39.88333,144.1,11.1,1.0,True,1736.0
1881,2013-07-10 01:58:09,39.98333,142.55,9.98,0.8,True,1857.0
1956,2013-08-13 11:10:14,39.43333,144.76667,18.75,2.2,True,1944.0
2324,2014-08-03 08:55:27,36.86667,140.11667,12.61,3.0,True,2323.0
2330,2014-08-03 13:49:22,36.08333,142.26667,7.92,2.2,True,2328.0
2331,2014-08-03 15:44:05,36.06667,140.03333,16.55,2.7,True,2325.0
2334,2014-08-03 17:27:21,37.06667,141.68333,17.31,4.9,True,2319.0
2337,2014-08-04 00:15:40,36.01667,143.65,10.34,3.5,True,2335.0
2341,2014-08-04 08:41:47,36.65,142.36667,15.78,4.9,True,2339.0
2343,2014-08-04 18:10:37,36.16667,142.2,12.05,3.8,True,2328.0
2346,2014-08-04 18:58:35,36.56667,142.4,13.11,3.1,True,2341.0
2347,2014-08-05 03:55:47,36.81667,142.33333,12.09,2.7,True,2341.0
2349,2014-08-05 17:45:02,36.71667,140.75,9.65,2.5,True,2338.0
2350,2014-08-05 18:33:37,36.41667,144.01667,14.56,3.5,True,2342.0
2351,2014-08-05 20:11:06,36.33333,142.0,17.73,3.3,True,2328.0
2354,2014-08-06 05:49:04,36.48333,140.76667,16.14,3.5,True,2327.0
2360,2014-08-07 13:40:00,36.35,140.66667,22.71,2.8,True,2332.0
2367,2014-08-13 03:24:18,36.2,143.41667,8.26,4.1,True,2345.0
2371,2014-08-15 02:45:56,36.0,142.1,12.8,4.8,True,2328.0
2377,2014-08-23 01:56:46,37.0,141.71667,5.87,2.4,True,2334.0
2378,2014-08-23 12:22:35,36.43333,142.23333,10.35,3.9,True,2341.0
2446,2014-09-06 10:38:28,37.56667,141.7,5.93,1.1,True,2434.0
2626,2015-04-02 01:28:49,36.63333,143.2,7.76,1.0,True,2621.0
2652,2015-05-09 20:59:47,37.71667,144.35,3.1,2.7,True,2651.0
2716,2015-08-15 21:31:09,38.01667,144.41667,16.86,1.7,True,2709.0
2742,2015-09-25 22:06:20,40.11667,140.93333,19.88,4.7,True,2726.0
2743,2015-09-27 19:50:19,40.21667,140.68333,17.33,4.5,True,2726.0
2848,2016-03-01 16:47:20,37.85,140.23333,14.87,1.6,True,2834.0
2934,2016-04-17 13:15:26,38.18333,144.3,11.87,1.0,True,2925.0
2938,2016-04-17 15:43:07,37.95,145.11667,11.71,1.4,True,2896.0
2985,2016-04-19 03:57:22,37.06667,145.2,5.76,0.8,True,2941.0
3026,2016-04-20 11:01:28,37.3,145.7,10.43,1.2,True,2959.0
3029,2016-04-20 12:32:34,37.6,144.9,12.22,1.0,True,2886.0
3040,2016-04-20 19:46:51,38.0,145.06667,8.24,1.5,True,2896.0
3058,2016-04-21 11:48:55,38.25,145.6,8.22,1.3,True,3042.0
3071,2016-04-21 20:25:14,36.88333,144.5,10.56,1.0,True,3056.0
3074,2016-04-21 21:48:23,37.15,145.16667,10.41,0.8,True,2941.0
3075,2016-04-22 01:33:34,37.35,145.75,13.15,1.5,True,3026.0
3081,2016-04-22 05:01:55,40.58333,141.13333,8.94,3.1,True,3004.0
3087,2016-04-22 08:11:19,36.6,140.93333,9.47,1.0,True,2951.0
3090,2016-04-22 09:59:03,37.0,145.25,10.44,0.8,True,3001.0
3095,2016-04-22 13:06:26,37.33333,144.58333,10.16,0.9,True,2926.0
3101,2016-04-22 16:44:27,38.46667,142.6,9.17,0.9,True,3064.0
3105,2016-04-22 18:49:48,37.91667,145.75,13.66,1.4,True,2939.0
3106,2016-04-22 21:52:58,38.11667,145.66667,11.24,1.0,True,3042.0
3109,2016-04-22 22:49:31,37.83333,145.86667,10.72,1.2,True,3105.0
3117,2016-04-23 03:01:51,37.5,140.98333,10.78,1.6,True,3076.0
3119,2016-04-23 03:12:44,37.1,145.95,10.89,0.8,True,3084.0
3123,2016-04-23 03:57:54,36.88333,145.73333,12.18,1.4,True,2971.0
3127,2016-04-23 04:54:35,38.06667,145.76667,9.74,1.1,True,2939.0
3135,2016-04-23 08:25:28,37.56667,145.46667,9.59,4.6,True,3055.0
3137,2016-04-23 09:13:51,37.81667,145.7,6.11,7.8,True,3105.0
3140,2016-04-23 10:52:01,37.65,144.96667,10.42,1.1,True,3137.0
3142,2016-04-23 11:20:55,38.0,145.76667,11.17,1.1,True,3137.0
3153,2016-04-23 22:50:42,36.55,144.66667,11.32,1.4,True,3031.0
3154,2016-04-23 23:28:08,36.61667,141.61667,5.89,2.4,True,3133.0
3167,2016-04-24 05:56:21,37.46667,145.56667,8.04,0.8,True,3137.0
3172,2016-04-24 07:21:46,37.85,144.6,11.95,0.9,True,3137.0
3175,2016-04-24 08:18:37,38.13333,145.83333,10.07,0.8,True,3137.0
3178,2016-04-24 08:27:22,38.65,145.91667,10.28,0.8,True,3137.0
3179,2016-04-24 08:30:26,38.96667,145.43333,5.68,3.8,True,3161.0
3180,2016-04-24 08:34:11,37.15,145.2,10.72,0.8,True,3137.0
3182,2016-04-24 09:13:03,37.36667,145.41667,11.61,0.9,True,3137.0
3184,2016-04-24 09:40:07,37.6,144.95,11.74,1.6,True,3137.0
3185,2016-04-24 09:47:04,38.63333,144.56667,13.08,1.2,True,3166.0
3187,2016-04-24 10:06:46,38.18333,145.88333,11.36,0.8,True,3137.0
3188,2016-04-24 10:12:42,38.6,145.61667,12.4,0.8,True,3137.0
3190,2016-04-24 12:16:22,36.83333,141.05,9.95,1.8,True,3133.0
3191,2016-04-24 12:23:00,37.38333,144.6,8.52,2.0,True,3158.0
3196,2016-04-24 13:26:06,38.11667,145.58333,14.91,1.0,True,3137.0
3201,2016-04-24 17:37:44,36.8,145.21667,6.25,2.2,True,3001.0
3205,2016-04-24 18:21:35,38.25,144.96667,10.13,0.8,True,3137.0
3210,2016-04-24 21:01:00,37.83333,143.41667,15.6,2.3,True,2982.0
3211,2016-04-24 21:12:03,39.16667,144.73333,6.73,4.3,True,3049.0
3212,2016-04-24 21:16:51,36.91667,145.58333,8.03,2.2,True,3136.0
3214,2016-04-24 22:17:38,38.33333,145.4,11.86,1.1,True,3137.0
3215,2016-04-24 22:24:55,37.51667,143.48333,11.06,0.8,True,3128.0
3218,2016-04-25 00:02:56,37.85,144.91667,9.45,1.0,True,3137.0
3219,2016-04-25 00:59:45,37.58333,145.53333,14.95,2.9,True,3137.0
3220,2016-04-25 01:21:07,37.96667,144.9,12.46,0.9,True,3137.0
3225,2016-04-25 06:41:36,37.25,145.25,9.41,1.0,True,3137.0
3226,2016-04-25 06:53:15,38.7,145.88333,12.85,0.9,True,3137.0
3227,2016-04-25 08:55:37,38.45,141.68333,12.18,2.0,True,3139.0
3228,2016-04-25 09:08:28,37.73333,145.98333,7.8,0.9,True,3137.0
3238,2016-04-25 16:22:36,36.8,144.25,7.33,1.6,True,3200.0
3239,2016-04-25 16:50:00,36.68333,144.95,9.15,1.9,True,3069.0
3249,2016-04-25 23:05:56,38.08333,144.63333,9.27,1.0,True,3137.0
3252,2016-04-26 02:20:29,38.95,145.4,10.45,1.2,True,3179.0
3256,2016-04-26 04:26:20,38.6,145.45,10.39,0.8,True,3137.0
3257,2016-04-26 04:28:17,36.65,145.81667,10.27,0.8,True,3136.0
3261,2016-04-26 06:52:00,36.95,145.28333,10.07,1.0,True,3136.0
3273,2016-04-26 18:11:48,37.5,144.85,9.83,2.0,True,3137.0
3281,2016-04-26 21:21:10,37.56667,144.93333,6.84,1.9,True,3137.0
3284,2016-04-26 22:30:21,38.51667,145.46667,10.55,0.9,True,3137.0
3285,2016-04-27 01:44:53,36.75,145.03333,8.22,0.9,True,3239.0
3294,2016-04-27 11:21:18,37.85,145.11667,12.99,1.7,True,3137.0
3302,2016-04-27 12:49:35,39.06667,142.06667,9.66,0.9,True,3198.0
3309,2016-04-27 13:27:33,37.23333,144.88333,12.17,1.2,True,3137.0
3315,2016-04-27 15:11:24,37.7,145.55,11.99,0.9,True,3137.0
3319,2016-04-27 19:40:57,37.93333,143.4,8.58,1.0,True,3210.0
3330,2016-04-27 22:49:49,36.36667,145.9,9.79,1.5,True,3138.0
3332,2016-04-27 23:11:37,38.43333,143.48333,7.37,1.1,True,3297.0
3336,2016-04-28 01:41:38,37.48333,144.88333,12.02,1.1,True,3137.0
3338,2016-04-28 02:06:17,38.08333,145.6,4.83,3.4,True,3137.0
3342,2016-04-28 05:05:04,37.28333,145.98333,11.61,0.8,True,3137.0
3348,2016-04-28 15:48:53,37.85,145.36667,10.0,0.8,True,3137.0
3351,2016-04-28 16:44:31,36.86667,145.45,10.01,2.0,True,3136.0
3359,2016-04-28 20:01:11,37.46667,144.76667,11.63,1.5,True,3137.0
3363,2016-04-28 21:27:17,37.38333,144.9,12.41,1.0,True,3137.0
3364,2016-04-28 21:39:29,38.0,145.51667,10.35,1.1,True,3137.0
3369,2016-04-28 22:22:05,37.75,144.65,13.08,0.8,True,3137.0
3370,2016-04-28 22:22:43,37.4,144.73333,11.72,1.1,True,3137.0
3371,2016-04-28 22:24:27,37.86667,145.46667,11.58,0.9,True,3137.0
3374,2016-04-28 23:27:08,37.86667,145.51667,10.95,1.1,True,3137.0
3384,2016-04-29 02:45:55,38.01667,145.01667,11.95,0.9,True,3137.0
3385,2016-04-29 03:45:14,37.51667,145.06667,8.48,1.1,True,3137.0
3386,2016-04-29 05:48:57,37.8,145.51667,10.42,0.8,True,3137.0
3387,2016-04-29 07:19:44,37.25,145.46667,8.92,1.2,True,3137.0
3390,2016-04-29 07:55:22,39.4,145.58333,7.94,2.4,True,3156.0
3399,2016-04-29 15:52:37,38.01667,144.1,9.64,0.9,True,3160.0
3402,2016-04-29 18:45:39,37.43333,144.76667,10.43,0.8,True,3137.0
3407,2016-04-29 22:41:42,38.33333,142.8,10.0,1.6,True,3362.0
3408,2016-04-29 23:51:33,37.71667,144.73333,10.22,0.9,True,3137.0
3419,2016-04-30 05:41:26,37.76667,144.88333,11.73,0.8,True,3137.0
3421,2016-04-30 08:19:20,37.31667,145.13333,9.67,0.8,True,3137.0
3426,2016-04-30 13:35:15,38.11667,145.18333,10.97,1.0,True,3137.0
3436,2016-04-30 22:43:27,37.6,142.58333,3.62,2.2,True,3246.0
3437,2016-04-30 23:12:54,37.01667,141.81667,10.4,1.1,True,3133.0
3448,2016-05-01 10:11:46,39.6,143.78333,9.96,1.0,True,3383.0
3449,2016-05-01 11:04:36,38.78333,145.98333,10.05,1.3,True,3240.0
3452,2016-05-01 14:11:39,38.53333,143.45,12.13,1.9,True,3332.0
3463,2016-05-01 20:58:57,38.35,145.8,9.01,0.9,True,3137.0
3476,2016-05-02 05:30:57,37.95,145.08333,9.92,0.8,True,3137.0
3483,2016-05-02 10:41:12,37.68333,144.9,10.65,0.8,True,3137.0
3487,2016-05-02 11:50:16,37.56667,145.65,10.85,0.9,True,3137.0
3494,2016-05-02 16:34:40,37.48333,145.16667,12.27,3.1,True,3137.0
3501,2016-05-02 22:24:10,38.76667,144.11667,14.36,1.8,True,3430.0
3509,2016-05-03 05:23:47,37.93333,142.53333,8.31,2.1,True,3199.0
3512,2016-05-03 07:20:42,38.7,144.11667,11.99,1.0,True,3430.0
3517,2016-05-03 10:18:43,38.33333,144.88333,59.56,1.2,True,3137.0
3548,2016-05-04 22:47:07,37.33333,144.8,8.8,1.4,True,3137.0
3551,2016-05-05 00:36:32,37.48333,145.6,10.42,0.9,True,3137.0
3555,2016-05-05 01:37:39,39.56667,142.11667,10.85,0.9,True,3382.0
3565,2016-05-05 06:30:31,36.56667,145.95,8.64,0.8,True,3136.0
3569,2016-05-05 13:33:07,37.75,144.96667,10.65,0.8,True,3137.0
3572,2016-05-05 15:08:15,39.03333,144.65,6.08,2.5,True,3211.0
3573,2016-05-05 16:21:24,38.51667,143.41667,11.44,0.8,True,3452.0
3597,2016-05-06 20:18:07,36.75,145.81667,11.0,1.0,True,3136.0
3602,2016-05-06 21:39:25,38.1,145.53333,10.19,0.9,True,3137.0
3606,2016-05-07 02:12:36,37.86667,145.21667,9.08,0.8,True,3137.0
3608,2016-05-07 02:28:10,38.05,145.88333,11.51,1.2,True,3137.0
3620,2016-05-07 14:54:01,39.18333,140.93333,8.72,1.6,True,3583.0
3622,2016-05-07 15:14:24,37.56667,142.58333,11.44,2.0,True,3582.0
3625,2016-05-07 15:54:55,38.76667,143.06667,15.38,3.1,True,3468.0
3626,2016-05-07 16:03:58,38.71667,141.15,5.95,2.7,True,3461.0
3633,2016-05-07 18:56:05,39.28333,140.96667,8.91,0.9,True,3620.0
3635,2016-05-07 19:10:36,37.86667,145.6,13.39,3.6,True,3137.0
3638,2016-05-07 20:20:12,36.63333,141.16667,7.0,2.3,True,3133.0
3642,2016-05-07 21:44:06,38.8,140.98333,10.02,2.5,True,3596.0
3646,2016-05-08 01:47:11,41.16667,140.36667,4.79,3.6,True,3614.0
3649,2016-05-08 02:43:40,39.28333,141.4,9.06,0.8,True,3522.0
3653,2016-05-08 05:13:32,41.35,140.8,7.52,4.0,True,3629.0
3654,2016-05-08 05:41:29,40.28333,142.41667,5.72,4.6,True,3590.0
3659,2016-05-08 07:46:08,39.66667,141.86667,9.34,0.8,True,3645.0
3663,2016-05-08 11:42:00,38.45,145.0,10.23,0.9,True,3137.0
3664,2016-05-08 12:50:06,39.41667,143.56667,8.06,3.7,True,3639.0
3667,2016-05-08 15:44:07,39.85,142.45,9.0,2.9,True,3648.0
3675,2016-05-08 21:26:24,39.5,141.8,10.47,0.8,True,3645.0
3683,2016-05-09 08:29:33,39.01667,140.5,9.57,4.3,True,3596.0
3705,2016-05-10 07:30:06,37.51667,145.7,6.88,2.9,True,3137.0
3707,2016-05-10 09:49:44,39.35,144.33333,13.67,1.4,True,3641.0
3712,2016-05-10 19:26:28,39.18333,142.35,13.24,2.9,True,3695.0
3715,2016-05-11 00:44:30,37.68333,141.5,13.01,1.7,True,3674.0
3722,2016-05-11 11:38:18,40.08333,144.16667,11.01,1.0,True,3681.0
3726,2016-05-11 14:15:21,37.83333,145.25,10.71,1.0,True,3137.0
3732,2016-05-11 15:44:38,40.4,143.08333,11.01,2.1,True,3598.0
3737,2016-05-11 19:52:45,37.93333,145.16667,11.26,0.8,True,3137.0
3755,2016-05-12 07:16:02,40.03333,144.11667,10.56,0.9,True,3681.0
3757,2016-05-12 13:55:06,38.0,145.7,11.22,0.9,True,3137.0
3759,2016-05-12 17:40:24,39.53333,143.43333,7.32,2.7,True,3664.0
3760,2016-05-12 18:32:53,40.1,144.06667,9.72,1.0,True,3681.0
3762,2016-05-12 21:14:58,36.81667,143.91667,9.52,3.8,True,3599.0
3783,2016-05-14 03:53:42,39.63333,144.83333,6.89,3.1,True,3727.0
3784,2016-05-14 04:19:20,39.85,144.58333,11.02,0.9,True,3672.0
3792,2016-05-14 11:00:55,38.41667,145.9,9.53,0.8,True,3137.0
3794,2016-05-14 11:45:28,39.73333,144.3,10.15,1.0,True,3742.0
3800,2016-05-14 18:20:33,39.13333,142.51667,18.26,4.6,True,3734.0
3808,2016-05-14 21:46:20,39.6,143.83333,11.03,3.5,True,3804.0
3813,2016-05-15 02:22:09,39.8,144.73333,10.54,0.8,True,3727.0
3817,2016-05-15 04:28:21,41.05,140.35,14.62,3.4,True,3614.0
3839,2016-05-16 08:07:56,40.75,145.55,10.72,1.3,True,3655.0
3863,2016-05-17 02:32:23,39.36667,144.08333,13.51,1.3,True,3843.0
3866,2016-05-17 03:22:25,39.8,145.45,12.76,1.2,True,3835.0
3867,2016-05-17 05:05:13,39.35,143.63333,11.05,1.0,True,3664.0
3873,2016-05-17 17:10:20,40.36667,144.68333,10.3,1.1,True,3736.0
3877,2016-05-17 22:43:23,40.2,145.16667,9.17,1.8,True,3795.0
3883,2016-05-18 05:32:56,40.23333,144.96667,10.77,0.8,True,3795.0
3885,2016-05-18 11:48:19,39.23333,141.56667,4.42,4.7,True,3881.0
3889,2016-05-18 20:56:01,39.81667,145.05,9.48,1.1,True,3844.0
3890,2016-05-18 21:23:35,39.28333,141.46667,10.2,0.8,True,3885.0
3891,2016-05-18 22:33:27,37.23333,144.83333,7.98,1.4,True,3137.0
3901,2016-05-19 13:24:15,40.93333,145.95,7.11,1.2,True,3896.0
3905,2016-05-19 16:47:08,39.7,144.15,9.12,1.8,True,3809.0
3912,2016-05-19 21:00:08,37.58333,144.86667,11.1,0.8,True,3137.0
3919,2016-05-20 02:11:33,40.36667,144.61667,10.81,0.8,True,3873.0
3922,2016-05-20 03:09:30,39.95,144.85,10.66,1.0,True,3831.0
3926,2016-05-20 06:00:23,39.23333,144.48333,7.39,1.8,True,3641.0
3927,2016-05-20 06:40:44,40.26667,144.95,9.82,1.3,True,3795.0
3937,2016-05-20 23:43:12,40.03333,145.33333,9.86,1.0,True,3936.0
3939,2016-05-21 02:16:10,38.25,145.3,11.29,0.8,True,3137.0
3943,2016-05-21 14:46:24,39.05,141.65,36.88,1.4,True,3885.0
3953,2016-05-21 21:04:40,39.36667,141.75,9.08,0.9,True,3885.0
3962,2016-05-22 02:16:25,40.28333,145.25,13.13,1.0,True,3877.0
3963,2016-05-22 03:04:10,39.65,143.83333,11.29,1.0,True,3808.0
3965,2016-05-22 04:18:54,41.06667,145.25,11.47,1.0,True,3903.0
3966,2016-05-22 07:32:03,36.75,141.7,8.66,3.0,True,3133.0
3987,2016-05-23 03:15:52,40.81667,144.98333,6.78,2.3,True,3904.0
4005,2016-05-23 10:24:29,38.3,144.8,9.34,1.1,True,3137.0
4008,2016-05-23 13:40:22,39.28333,142.63333,9.29,1.8,True,3800.0
4009,2016-05-23 13:41:49,40.68333,144.11667,10.38,1.0,True,3998.0
4012,2016-05-23 14:42:58,36.21667,141.48333,16.35,1.4,True,3134.0
4016,2016-05-23 23:50:11,40.06667,144.23333,14.39,1.4,True,3925.0
4024,2016-05-24 02:05:06,40.1,145.25,13.06,0.9,True,3937.0
4026,2016-05-24 04:50:28,37.41667,145.5,9.57,0.9,True,3137.0
4029,2016-05-24 10:29:48,40.71667,145.38333,12.73,1.0,True,3986.0
4032,2016-05-24 12:36:06,38.78333,141.21667,11.7,1.0,True,3910.0
4037,2016-05-24 15:46:46,40.88333,145.16667,11.3,0.8,True,4019.0
4045,2016-05-24 22:47:17,40.26667,142.41667,5.86,4.9,True,3654.0
4047,2016-05-24 23:33:07,39.75,144.1,13.33,2.1,True,3905.0
4049,2016-05-24 23:56:34,37.6,143.95,6.02,1.8,True,4007.0
4051,2016-05-25 09:21:18,37.76667,143.96667,12.39,1.3,True,4007.0
4054,2016-05-25 19:24:37,38.66667,145.7,9.64,1.0,True,3137.0
4065,2016-05-26 08:11:05,39.58333,145.03333,11.13,1.2,True,4042.0
4067,2016-05-26 10:24:51,37.71667,140.85,10.66,1.6,True,4050.0
4080,2016-05-27 06:02:09,39.46667,144.8,9.83,0.9,True,4042.0
4090,2016-05-28 02:05:36,39.66667,142.31667,20.44,4.2,True,4073.0
4093,2016-05-28 03:54:25,40.43333,142.28333,16.94,2.7,True,4045.0
4100,2016-05-28 12:08:49,37.51667,141.8,5.3,3.0,True,4074.0
4111,2016-05-28 20:55:10,39.1,141.56667,15.45,1.5,True,3885.0
4118,2016-05-29 07:07:41,39.0,141.2,14.32,3.3,True,4046.0
4119,2016-05-29 09:50:07,37.73333,145.25,12.36,1.2,True,3137.0
4124,2016-05-29 18:47:24,39.28333,142.35,10.13,0.9,True,3800.0
4125,2016-05-29 18:52:30,39.65,141.43333,10.77,1.6,True,4070.0
4135,2016-05-30 13:57:37,37.63333,144.86667,10.38,0.9,True,3137.0
4148,2016-05-31 10:52:03,40.73333,142.6,87.72,1.1,True,4134.0
4149,2016-05-31 11:24:32,37.78333,143.88333,10.2,0.8,True,4141.0
4158,2016-05-31 21:48:33,38.5,145.98333,39.64,1.2,True,3137.0
4160,2016-06-01 00:07:14,37.78333,144.28333,9.6,0.8,True,4107.0
4165,2016-06-01 09:31:59,38.0,140.91667,14.91,1.8,True,4050.0
4183,2016-06-03 02:57:10,39.31667,143.73333,11.58,0.9,True,4103.0
4188,2016-06-03 05:51:45,38.51667,140.33333,9.85,2.4,True,4155.0
4204,2016-06-04 18:07:32,37.11667,140.03333,30.01,0.9,True,4181.0
4222,2016-06-06 06:07:57,40.86667,144.16667,6.42,4.4,True,4220.0
4224,2016-06-06 12:13:51,39.45,141.7,8.59,4.8,True,3885.0
4230,2016-06-06 19:57:24,39.01667,141.38333,9.3,1.6,True,3885.0
4240,2016-06-07 12:53:02,37.48333,144.9,9.8,0.8,True,3137.0
4249,2016-06-08 00:50:45,37.68333,145.23333,9.55,1.4,True,3137.0
4272,2016-06-09 02:33:47,37.88333,140.56667,10.7,1.2,True,4191.0
4291,2016-06-10 02:30:14,40.01667,143.6,10.82,0.8,True,4263.0
4301,2016-06-10 20:46:54,38.08333,140.43333,10.58,0.8,True,4287.0
4304,2016-06-11 02:38:07,37.95,145.66667,11.69,1.0,True,3137.0
4315,2016-06-12 01:20:06,38.01667,144.96667,10.41,1.3,True,3137.0
4318,2016-06-12 04:24:18,39.68333,141.25,92.96,3.8,True,4175.0
4327,2016-06-13 00:54:12,39.11667,143.31667,14.04,3.3,True,4320.0
4333,2016-06-13 15:58:54,37.28333,145.3,10.4,1.3,True,3137.0
4335,2016-06-13 16:38:48,38.2,141.83333,11.69,0.8,True,4252.0
4338,2016-06-14 05:55:00,37.88333,145.78333,19.94,2.9,True,3137.0
4340,2016-06-14 12:38:29,37.68333,144.9,11.68,1.6,True,3137.0
4341,2016-06-14 12:47:01,38.15,145.38333,10.19,1.3,True,3137.0
4343,2016-06-15 01:10:55,37.91667,144.96667,13.12,1.1,True,3137.0
4352,2016-06-15 14:43:00,36.73333,145.66667,12.28,1.5,True,3136.0
4385,2016-06-18 12:42:31,37.5,140.61667,5.03,3.5,True,4380.0
4394,2016-06-18 22:26:49,39.03333,143.36667,10.67,0.9,True,4320.0
4421,2016-06-23 22:30:15,36.91667,145.38333,11.92,0.9,True,3136.0
4428,2016-06-25 02:30:04,39.28333,141.85,28.07,1.6,True,4224.0
4461,2016-06-28 00:36:38,39.58333,144.0,13.42,0.9,True,4458.0
4471,2016-06-29 04:08:08,39.63333,143.76667,11.41,1.8,True,4446.0
4478,2016-07-01 00:36:53,39.4,143.95,10.82,0.8,True,4458.0
4481,2016-07-01 02:51:05,37.6,145.06667,9.3,0.9,True,3137.0
4483,2016-07-01 07:58:03,40.55,144.08333,9.51,1.4,True,4427.0
4486,2016-07-01 13:31:33,39.06667,143.76667,10.8,0.8,True,4320.0
4489,2016-07-01 13:55:02,40.6,144.31667,11.35,1.3,True,4427.0
4522,2016-07-04 12:08:28,38.55,145.81667,8.49,1.8,True,3137.0
4535,2016-07-05 07:43:32,38.63333,142.86667,11.99,1.4,True,4488.0
4548,2016-07-05 22:42:04,37.56667,141.73333,9.89,0.9,True,4498.0
4576,2016-07-06 15:26:18,38.33333,141.9,11.44,0.9,True,4559.0
4589,2016-07-06 23:09:29,38.1,141.53333,9.09,1.5,True,4578.0
4591,2016-07-07 00:25:39,38.13333,141.61667,11.75,0.8,True,4589.0
4597,2016-07-07 02:23:16,38.03333,142.1,10.5,0.8,True,4526.0
4623,2016-07-07 21:58:57,39.5,141.08333,8.51,1.0,True,4496.0
4631,2016-07-08 00:18:06,37.63333,141.31667,11.89,1.3,True,4555.0
4638,2016-07-08 04:37:46,38.35,141.86667,11.88,0.9,True,4576.0
4642,2016-07-08 05:39:15,38.06667,141.4,12.72,1.4,True,4589.0
4665,2016-07-10 07:02:00,37.76667,141.5,14.36,1.1,True,4555.0
4667,2016-07-10 07:54:17,38.71667,144.8,11.33,0.8,True,4493.0
4674,2016-07-10 18:08:50,38.53333,140.95,10.89,0.9,True,4617.0
4680,2016-07-11 00:25:44,37.81667,141.88333,11.05,0.8,True,4562.0
4688,2016-07-11 15:56:36,38.31667,141.38333,9.78,1.2,True,4649.0
4709,2016-07-12 12:31:50,39.6,143.38333,8.01,1.2,True,4707.0
4716,2016-07-13 01:14:23,40.03333,143.5,10.18,0.9,True,4715.0
4717,2016-07-13 01:39:33,39.43333,144.18333,13.55,1.3,True,4643.0
4726,2016-07-14 15:27:58,37.33333,145.85,31.23,4.5,True,3137.0
4748,2016-07-16 19:23:35,37.55,140.96667,10.75,1.5,True,4689.0
4777,2016-07-17 20:06:38,38.53333,145.25,11.97,0.8,True,3137.0
4788,2016-07-18 01:57:57,39.48333,143.05,10.52,1.2,True,4713.0
4804,2016-07-18 12:20:00,38.76667,142.66667,11.94,2.5,True,4799.0
4809,2016-07-18 18:34:55,39.88333,143.46667,13.59,1.2,True,4715.0
4811,2016-07-18 21:12:03,38.6,141.66667,14.25,2.5,True,4728.0
4817,2016-07-19 00:47:07,38.9,145.45,12.48,0.8,True,4802.0
4840,2016-07-20 10:23:43,38.63333,141.6,11.42,0.8,True,4811.0
4855,2016-07-21 03:29:49,40.73333,144.11667,10.41,0.8,True,4763.0
4860,2016-07-21 05:07:20,39.86667,143.6,11.14,0.9,True,4858.0
4869,2016-07-21 16:00:59,40.51667,144.43333,9.51,1.0,True,4769.0
4875,2016-07-22 01:04:29,37.68333,144.0,9.38,1.1,True,4820.0
4882,2016-07-22 19:21:45,37.76667,145.88333,5.24,1.4,True,3137.0
4891,2016-07-23 06:37:36,38.63333,141.51667,11.25,0.8,True,4811.0
4900,2016-07-23 20:56:29,38.51667,141.33333,10.77,1.0,True,4873.0
4901,2016-07-23 21:08:03,37.36667,144.45,10.74,1.9,True,4839.0
4910,2016-07-25 05:07:47,40.48333,143.13333,10.19,0.8,True,4850.0
4937,2016-07-28 03:14:42,38.15,140.98333,9.63,1.1,True,4880.0
4950,2016-07-29 20:49:58,40.16667,144.56667,10.58,0.8,True,4929.0
4975,2016-07-31 12:45:08,39.6,143.83333,8.77,0.8,True,4973.0
5015,2016-08-03 02:53:23,39.88333,144.16667,12.84,0.9,True,4969.0
5036,2016-08-03 15:44:13,37.95,145.41667,9.01,1.0,True,3137.0
5039,2016-08-03 18:28:56,40.06667,144.15,9.13,0.8,True,4969.0
5054,2016-08-04 12:08:21,39.58333,144.48333,13.19,0.9,True,4998.0
5057,2016-08-04 16:55:12,39.86667,144.15,10.38,0.9,True,4969.0
5058,2016-08-04 18:59:00,39.43333,144.56667,12.36,1.3,True,4998.0
5063,2016-08-04 20:32:10,39.41667,144.08333,9.39,0.9,True,4981.0
5067,2016-08-05 00:07:02,39.36667,144.31667,12.77,1.5,True,4981.0
5087,2016-08-07 00:20:42,38.25,145.2,64.29,2.8,True,3137.0
5092,2016-08-07 15:58:09,37.65,142.41667,7.96,1.3,True,5088.0
5094,2016-08-07 18:23:52,39.88333,143.96667,9.9,0.8,True,5051.0
5145,2016-08-13 05:13:41,38.48333,141.73333,9.85,1.6,True,5118.0
5167,2016-08-15 16:25:51,38.26667,142.38333,10.69,1.1,True,5144.0
5174,2016-08-17 10:14:54,37.65,141.96667,12.92,1.1,True,5138.0
5183,2016-08-19 11:14:56,36.41667,141.43333,15.59,2.5,True,5147.0
5195,2016-08-22 00:20:11,37.68333,142.1,12.57,1.5,True,5174.0
5215,2016-08-24 08:19:53,38.15,141.2,10.22,1.0,True,5207.0
5250,2016-08-28 20:46:23,37.36667,144.96667,70.69,0.9,True,3137.0
5284,2016-09-06 01:13:28,37.68333,144.6,7.82,1.1,True,3137.0
5337,2016-09-13 17:56:32,37.7,141.75,9.05,0.9,True,5317.0
5347,2016-09-13 18:26:53,36.05,140.98333,7.33,1.8,True,5295.0
5348,2016-09-13 18:29:36,37.73333,142.48333,9.65,1.6,True,5338.0
5354,2016-09-13 18:55:54,38.18333,142.28333,11.89,0.8,True,5340.0
5359,2016-09-13 19:18:55,37.93333,142.4,11.4,0.8,True,5342.0
5366,2016-09-13 19:40:46,38.53333,142.48333,11.48,0.9,True,5323.0
5369,2016-09-13 19:50:48,38.03333,143.06667,13.01,1.0,True,5335.0
5371,2016-09-13 20:05:30,37.8,142.35,11.57,0.9,True,5348.0
5374,2016-09-13 20:16:31,37.61667,142.16667,8.75,0.8,True,5355.0
5383,2016-09-13 21:06:18,37.76667,142.6,12.03,0.8,True,5348.0
5386,2016-09-13 21:48:14,38.26667,143.25,11.27,0.9,True,5343.0
5389,2016-09-13 21:58:35,37.96667,142.86667,11.88,0.8,True,5335.0
5399,2016-09-13 23:05:06,39.25,142.16667,11.52,1.2,True,5300.0
5406,2016-09-13 23:54:35,38.46667,143.23333,12.91,1.4,True,5395.0
5414,2016-09-14 01:13:08,38.43333,143.18333,12.53,0.9,True,5346.0
5416,2016-09-14 01:21:47,37.85,141.71667,10.95,0.9,True,5390.0
5417,2016-09-14 01:25:43,38.46667,142.5,12.21,0.8,True,5323.0
5433,2016-09-14 04:49:15,37.45,142.8,11.5,1.0,True,5404.0
5436,2016-09-14 05:56:54,38.46667,142.61667,11.44,1.0,True,5323.0
5449,2016-09-14 11:11:40,37.86667,142.33333,11.42,1.1,True,5342.0
5456,2016-09-14 15:43:25,37.83333,141.91667,10.47,1.2,True,5390.0
5467,2016-09-14 22:28:41,38.1,142.28333,10.92,0.9,True,5368.0
5479,2016-09-15 09:51:15,38.53333,142.18333,11.07,0.8,True,5439.0
5487,2016-09-15 15:03:41,37.48333,142.86667,10.7,0.9,True,5433.0
5492,2016-09-15 21:34:44,37.7,141.36667,11.7,0.9,True,5446.0
5496,2016-09-16 01:40:24,36.28333,140.9,71.47,0.8,True,5295.0
5503,2016-09-16 15:22:15,38.33333,142.13333,10.63,1.6,True,5340.0
5512,2016-09-17 03:20:12,37.9,141.91667,10.39,0.9,True,5456.0
5514,2016-09-17 15:24:21,37.95,142.26667,10.34,0.9,True,5449.0
5517,2016-09-18 01:09:32,38.16667,142.28333,10.7,1.0,True,5340.0
5518,2016-09-18 02:59:43,37.71667,141.3,11.01,1.0,True,5446.0
5526,2016-09-18 17:36:21,38.1,143.01667,11.45,1.0,True,5335.0
5527,2016-09-18 18:52:26,37.55,140.73333,10.67,0.8,True,5499.0
5570,2016-09-25 22:32:28,38.01667,140.96667,10.47,0.9,True,5563.0
5627,2016-10-14 23:26:30,38.95,142.16667,11.76,1.0,True,5626.0
5628,2016-10-15 01:51:38,38.08333,140.9,11.12,0.8,True,5618.0
5630,2016-10-15 06:28:17,38.41667,141.15,11.12,0.8,True,5616.0
5635,2016-10-15 23:10:42,38.45,141.13333,12.54,0.8,True,5616.0
5681,2016-10-28 12:37:20,38.1,142.41667,11.05,0.9,True,5674.0
5712,2016-11-07 18:37:28,38.05,141.36667,11.6,1.1,True,5692.0
5732,2016-11-14 22:12:41,38.75,140.9,12.18,0.9,True,5716.0
5766,2016-11-29 14:18:08,39.05,144.0,56.35,2.9,True,5761.0
5814,2016-12-25 00:01:56,38.9,142.71667,9.84,1.0,True,5803.0
5817,2016-12-25 03:48:44,39.96667,144.9,1.84,2.6,True,5778.0
5936,2017-01-19 01:57:34,38.08333,141.36667,11.79,0.8,True,5931.0
5937,2017-01-19 02:24:17,38.56667,141.45,13.02,2.2,True,5914.0
5940,2017-01-19 07:48:39,38.63333,141.33333,10.9,0.8,True,5937.0
5950,2017-01-20 03:40:25,38.11667,141.48333,10.96,0.9,True,5938.0
5986,2017-01-25 23:45:46,38.1,141.06667,10.78,0.8,True,5969.0
5989,2017-01-26 04:18:48,37.23333,140.43333,9.37,2.3,True,5971.0
6021,2017-01-31 21:05:41,38.11667,141.66667,11.61,0.9,True,5996.0
6035,2017-02-02 23:24:44,39.11667,141.23333,11.71,0.8,True,6014.0
6101,2017-03-04 11:23:41,41.2,143.01667,28.03,2.2,True,6092.0
6109,2017-03-09 04:59:12,37.2,140.06667,10.09,0.9,True,6108.0
6197,2017-04-11 12:16:05,36.45,140.33333,43.54,1.0,True,6196.0
6215,2017-04-18 06:12:19,37.13333,140.11667,11.49,0.8,True,6214.0
6288,2017-05-06 00:40:15,41.9,141.81667,69.05,2.1,True,6275.0
6383,2017-06-08 17:13:57,37.58333,140.16667,10.99,0.9,True,6379.0
6387,2017-06-09 12:31:50,37.6,140.21667,10.68,1.1,True,6379.0
6389,2017-06-11 23:58:33,37.18333,140.01667,10.69,0.8,True,6376.0
6393,2017-06-13 06:03:11,37.16667,140.25,11.65,0.8,True,6376.0
6440,2017-06-27 19:31:50,37.3,140.55,10.99,0.9,True,6423.0
6475,2017-07-06 23:48:03,41.16667,141.18333,160.56,0.9,True,6406.0
6584,2017-08-13 12:51:30,38.98333,140.38333,12.08,0.8,True,6573.0
6608,2017-08-24 07:24:45,38.05,141.06667,11.35,0.9,True,6599.0
6610,2017-08-24 13:39:07,37.73333,141.16667,11.3,1.4,True,6592.0
6734,2017-11-06 01:14:18,37.75,140.35,11.82,1.4,True,6733.0
6779,2017-11-24 17:42:28,38.95,140.03333,38.79,1.0,True,6757.0
6966,2018-02-10 13:19:18,37.81667,144.18333,6.96,1.2,True,6948.0
6982,2018-02-13 07:32:54,39.21667,140.15,16.18,4.0,True,6929.0
6988,2018-02-13 21:41:17,39.11667,141.5,16.5,2.4,True,6986.0
6995,2018-02-15 19:51:52,38.83333,140.26667,15.87,4.8,True,6985.0
6998,2018-02-16 11:15:34,37.71667,140.38333,12.58,4.7,True,6987.0
7000,2018-02-16 15:29:36,37.08333,140.18333,15.22,2.3,True,6965.0
7002,2018-02-17 01:18:32,37.63333,140.85,14.28,4.8,True,6980.0
7006,2018-02-17 21:13:41,38.7,140.15,9.5,0.9,True,6995.0
7016,2018-02-19 01:52:20,39.3,141.31667,15.47,4.9,True,6963.0
7018,2018-02-19 07:35:23,39.7,142.15,13.27,4.4,True,6992.0
7021,2018-02-19 20:15:24,37.6,141.65,11.23,4.6,True,6981.0
7024,2018-02-22 08:30:22,37.26667,140.13333,16.7,2.7,True,6965.0
7027,2018-02-23 04:08:44,37.81667,140.15,19.25,2.3,True,6998.0
7028,2018-02-23 06:03:31,40.53333,142.53333,8.43,0.9,True,7014.0
7042,2018-03-01 08:35:42,40.26667,140.21667,43.55,1.0,True,7012.0
7047,2018-03-03 06:25:03,37.61667,141.6,10.18,2.0,True,7021.0
7074,2018-03-16 04:33:16,39.01667,144.58333,16.59,1.0,True,7054.0
7115,2018-04-05 20:32:48,37.56667,140.75,10.52,0.9,True,7098.0
7150,2018-04-27 05:18:43,36.91667,140.15,12.08,4.4,True,7149.0
7197,2018-05-19 20:35:41,39.0,143.15,1.3,3.3,True,7170.0
7254,2018-06-19 04:51:26,36.66667,140.01667,109.47,4.4,True,7248.0
7332,2018-08-01 06:14:19,36.33333,142.78333,2.66,1.0,True,7326.0
7364,2018-08-16 04:35:22,36.3,140.66667,16.48,4.5,True,7355.0
7460,2018-11-01 11:19:51,39.76667,140.45,12.9,2.8,True,7424.0
7469,2018-11-02 03:56:12,39.31667,140.35,8.55,2.8,True,7424.0
7470,2018-11-02 22:52:22,39.46667,140.31667,12.9,4.6,True,7424.0
7490,2018-11-07 19:49:34,40.35,140.41667,13.98,4.4,True,7467.0
7659,2019-03-15 02:14:10,40.71667,145.58333,108.25,3.5,True,7658.0
7805,2019-06-14 21:44:13,40.31667,143.15,7.9,0.8,True,7800.0
7856,2019-08-03 07:49:49,40.55,143.48333,25.11,1.8,True,7848.0
7866,2019-08-07 01:46:10,36.66667,145.46667,15.92,3.6,True,7865.0
7877,2019-08-09 06:38:04,37.05,145.33333,4.52,3.8,True,7871.0
7878,2019-08-09 10:29:15,37.46667,143.91667,12.21,4.6,True,7872.0
7970,2019-10-06 15:08:22,38.51667,140.36667,16.0,3.9,True,7944.0
7973,2019-10-06 18:54:37,39.3,140.63333,11.7,4.0,True,7971.0
7976,2019-10-07 01:48:19,39.35,140.26667,13.53,3.5,True,7971.0
7991,2019-10-17 02:26:47,41.6,141.2,20.63,2.6,True,7974.0
7993,2019-10-19 00:26:43,39.35,141.28333,11.93,3.5,True,7980.0
8062,2019-11-29 13:08:57,39.11667,141.25,13.86,1.4,True,8038.0
8066,2019-11-29 21:14:51,39.33333,140.4,13.17,1.0,True,8036.0
8070,2019-11-30 07:35:29,39.05,141.33333,14.12,1.1,True,8062.0
8079,2019-12-03 07:10:02,39.46667,141.13333,14.92,1.3,True,8056.0
8082,2019-12-04 13:58:23,40.85,140.35,9.88,2.2,True,8065.0
8117,2019-12-25 05:04:05,39.11667,140.2,13.64,1.1,True,8113.0
8118,2019-12-25 07:17:31,39.06667,140.33333,10.75,0.9,True,8117.0
8250,2020-04-14 02:36:09,38.61667,144.28333,5.59,1.4,True,8248.0
8252,2020-04-18 11:17:56,40.7,145.26667,12.03,3.3,True,8249.0
8263,2020-04-25 05:36:53,37.93333,141.03333,12.38,3.2,True,8261.0
8335,2020-06-18 18:58:24,40.68333,140.78333,9.33,1.5,True,8326.0
8387,2020-08-12 05:30:25,40.56667,140.35,8.27,1.4,True,8380.0
8486,2020-10-30 09:05:18,40.48333,143.66667,48.37,0.9,True,8483.0
8546,2020-12-02 00:42:50,36.33333,143.51667,4.31,1.6,True,8529.0
8582,2021-01-06 04:18:54,37.23333,144.4,4.47,1.5,True,8579.0
8591,2021-01-11 20:17:53,40.53333,145.76667,5.61,0.8,True,8589.0
8632,2021-02-14 18:47:20,39.91667,144.96667,6.25,0.8,True,8626.0
8657,2021-03-06 12:00:30,37.13333,144.61667,24.92,2.5,True,8656.0
8745,2021-06-28 06:41:35,40.85,140.36667,7.96,1.9,True,8729.0
8763,2021-07-05 10:41:38,41.36667,140.03333,13.75,2.5,True,8760.0
8765,2021-07-05 12:02:01,38.11667,140.03333,16.57,3.3,True,8758.0
8767,2021-07-05 12:10:38,40.1,140.55,19.18,4.0,True,8756.0
8769,2021-07-05 13:11:56,38.35,140.0,17.98,3.0,True,8758.0
8772,2021-07-05 13:41:51,38.71667,140.7,14.49,4.5,True,8768.0
8775,2021-07-05 15:23:57,39.03333,140.68333,7.59,4.5,True,8761.0
8776,2021-07-05 15:36:47,38.43333,140.13333,10.43,4.0,True,8758.0
8778,2021-07-05 16:05:15,40.18333,140.05,11.52,3.1,True,8762.0
8781,2021-07-05 18:33:23,40.1,140.65,6.04,2.5,True,8767.0
8786,2021-07-05 19:01:33,39.08333,140.8,15.78,2.7,True,8775.0
8790,2021-07-05 19:25:39,40.7,140.6,8.5,4.9,True,8766.0
8792,2021-07-05 19:55:20,38.86667,140.96667,10.89,2.3,True,8772.0
8793,2021-07-05 20:11:19,38.86667,142.0,23.21,2.0,True,8750.0
8798,2021-07-05 20:52:40,40.75,143.06667,6.33,4.6,True,8782.0
8802,2021-07-05 23:22:33,39.5,140.71667,13.59,2.9,True,8779.0
8804,2021-07-05 23:53:24,40.56667,140.58333,7.8,2.7,True,8790.0
8805,2021-07-06 00:20:01,39.58333,140.21667,15.23,3.3,True,8752.0
8806,2021-07-06 00:30:02,40.15,141.53333,10.66,4.0,True,8777.0
8807,2021-07-06 00:39:57,40.26667,140.1,12.91,4.8,True,8778.0
8809,2021-07-06 01:22:22,38.56667,141.21667,8.97,3.8,True,8803.0
8810,2021-07-06 01:37:01,40.76667,140.16667,16.81,4.3,True,8796.0
8811,2021-07-06 03:44:20,39.05,141.58333,8.61,4.0,True,8791.0
8813,2021-07-06 04:09:39,38.78333,141.3,11.69,2.2,True,8803.0
8816,2021-07-06 05:55:01,39.86667,141.86667,17.27,4.1,True,8753.0
8820,2021-07-06 13:53:19,40.71667,140.01667,17.25,3.9,True,8810.0
8822,2021-07-06 19:37:36,40.6,141.21667,9.55,1.2,True,8814.0
8829,2021-07-07 01:29:31,38.28333,140.78333,22.58,1.6,True,8801.0
8832,2021-07-07 04:30:13,37.9,141.85,11.83,3.4,True,8797.0
8833,2021-07-07 04:36:01,39.26667,140.98333,9.98,3.6,True,8824.0
8834,2021-07-07 04:48:39,40.06667,141.26667,12.39,4.4,True,8808.0
8837,2021-07-07 05:22:53,40.08333,140.43333,16.14,3.2,True,8767.0
8838,2021-07-07 06:07:06,40.51667,140.11667,17.38,4.0,True,8807.0
8839,2021-07-07 06:28:25,38.9,140.7,6.0,4.6,True,8772.0
8840,2021-07-07 06:56:39,38.18333,141.45,19.45,3.4,True,8774.0
8841,2021-07-07 07:13:26,39.21667,141.6,10.19,3.5,True,8811.0
8842,2021-07-07 08:30:23,39.18333,141.51667,9.15,4.4,True,8811.0
8843,2021-07-07 08:30:56,40.0,140.36667,14.21,4.0,True,8767.0
8846,2021-07-07 14:40:56,39.05,141.36667,15.56,4.2,True,8842.0
8847,2021-07-07 14:54:34,39.71667,140.06667,11.0,4.9,True,8752.0
8848,2021-07-07 15:36:20,39.65,140.85,9.09,2.5,True,8779.0
8849,2021-07-07 16:06:37,40.23333,140.56667,12.9,3.2,True,8767.0
8850,2021-07-07 17:32:38,39.15,140.93333,5.93,4.2,True,8775.0
8851,2021-07-07 17:44:56,40.4,141.31667,7.98,2.2,True,8808.0
8852,2021-07-07 17:48:02,40.25,141.83333,16.21,3.2,True,8777.0
8853,2021-07-07 18:13:39,39.11667,141.53333,10.8,4.9,True,8842.0
8854,2021-07-07 18:17:55,40.76667,140.45,21.0,2.1,True,8790.0
8860,2021-07-08 00:02:27,39.7,140.06667,10.19,3.2,True,8847.0
8861,2021-07-08 02:44:27,40.96667,140.6,18.26,3.4,True,8790.0
8862,2021-07-08 02:52:58,40.38333,140.15,16.33,4.9,True,8807.0
8863,2021-07-08 03:14:18,39.31667,141.05,14.44,3.4,True,8833.0
8864,2021-07-08 04:43:30,40.15,141.23333,16.45,3.7,True,8808.0
8865,2021-07-08 08:10:28,40.81667,140.48333,5.13,2.9,True,8790.0
8868,2021-07-08 11:43:18,41.36667,140.08333,18.1,3.3,True,8760.0
8869,2021-07-08 11:44:02,39.4,140.41667,12.74,3.8,True,8780.0
8870,2021-07-08 11:50:16,39.95,140.56667,14.27,4.6,True,8767.0
8871,2021-07-08 12:00:27,40.66667,141.2,14.52,4.0,True,8814.0
8872,2021-07-08 12:26:13,38.56667,141.13333,10.12,4.8,True,8803.0
8873,2021-07-08 13:16:20,41.15,140.13333,17.2,4.1,True,8760.0
8876,2021-07-08 20:17:55,38.75,140.75,26.14,2.3,True,8839.0
8878,2021-07-08 21:59:20,41.81667,140.18333,10.19,4.2,True,8874.0
8880,2021-07-09 03:52:14,40.91667,140.05,19.09,4.7,True,8810.0
8881,2021-07-09 04:01:17,41.93333,140.45,11.41,5.0,True,8874.0
8882,2021-07-09 04:24:47,39.81667,141.7,15.35,4.5,True,8816.0
8883,2021-07-09 04:51:27,41.1,140.75,13.18,2.6,True,8875.0
8884,2021-07-09 04:54:08,40.16667,141.58333,12.95,2.5,True,8806.0
8885,2021-07-09 05:04:06,41.16667,140.95,8.34,3.2,True,8875.0
8886,2021-07-09 07:25:52,40.46667,141.38333,7.31,4.2,True,8787.0
8887,2021-07-09 07:31:54,40.93333,140.13333,16.31,3.4,True,8880.0
8888,2021-07-09 09:49:35,39.53333,140.05,14.25,2.6,True,8847.0
8889,2021-07-09 13:02:11,38.95,141.33333,7.9,3.0,True,8853.0
8894,2021-07-09 17:33:41,39.01667,141.95,11.67,2.9,True,8750.0
8895,2021-07-09 17:35:04,39.1,142.05,15.57,3.5,True,8750.0
8898,2021-07-09 21:02:55,39.75,141.7,12.58,3.8,True,8882.0
8899,2021-07-10 00:03:09,38.2,141.98333,15.15,3.7,True,8797.0
8901,2021-07-10 21:29:47,40.45,141.25,12.04,3.6,True,8808.0
8902,2021-07-10 23:47:37,39.71667,142.65,8.88,4.8,True,8896.0
8903,2021-07-11 03:52:29,39.98333,142.13333,4.88,2.8,True,8893.0
8904,2021-07-11 05:35:44,40.7,140.1,12.14,4.0,True,8880.0
8905,2021-07-11 05:41:00,40.93333,141.18333,14.29,2.3,True,8812.0
8906,2021-07-11 06:18:12,40.78333,140.8,32.72,0.8,True,8790.0
8907,2021-07-11 11:01:06,39.45,141.2,10.8,3.7,True,8866.0
8908,2021-07-11 11:35:29,41.1,140.71667,11.55,4.7,True,8875.0
8909,2021-07-11 11:39:33,40.0,140.4,14.18,4.1,True,8870.0
8911,2021-07-11 12:13:23,39.66667,141.71667,11.06,3.7,True,8882.0
8913,2021-07-11 12:41:01,40.86667,140.3,12.71,2.6,True,8880.0
8914,2021-07-11 15:20:11,41.11667,143.03333,10.76,1.3,True,8891.0
8915,2021-07-11 15:58:26,39.98333,140.03333,12.14,3.9,True,8847.0
8917,2021-07-11 16:06:00,39.3,141.0,22.27,1.8,True,8833.0
8918,2021-07-11 16:36:35,38.28333,141.15,5.21,3.2,True,8754.0
8919,2021-07-11 17:04:20,38.83333,141.91667,5.73,3.6,True,8826.0
8920,2021-07-11 17:26:41,38.96667,141.76667,11.71,3.2,True,8853.0
8921,2021-07-11 17:58:12,40.31667,141.53333,12.03,4.6,True,8808.0
8922,2021-07-11 19:16:41,40.45,140.46667,10.37,4.6,True,8790.0
8923,2021-07-11 19:44:07,39.0,141.96667,7.27,3.8,True,8750.0
8924,2021-07-11 20:00:18,39.41667,141.31667,13.01,4.7,True,8907.0
8928,2021-07-11 21:39:24,40.25,140.03333,8.37,4.3,True,8862.0
8930,2021-07-11 22:02:07,40.35,140.11667,15.62,4.8,True,8862.0
8932,2021-07-11 22:28:26,39.81667,140.53333,10.9,3.2,True,8870.0
8933,2021-07-11 23:18:33,40.46667,140.68333,22.41,3.6,True,8790.0
8934,2021-07-11 23:22:12,40.11667,141.61667,6.73,4.4,True,8921.0
8935,2021-07-11 23:26:54,41.21667,140.9,23.12,3.2,True,8908.0
8936,2021-07-11 23:33:27,39.75,140.43333,24.94,2.3,True,8870.0
8937,2021-07-11 23:51:19,40.4,142.1,19.96,3.0,True,8893.0
8938,2021-07-12 00:54:52,39.16667,141.85,12.08,3.6,True,8853.0
8939,2021-07-12 01:10:59,40.55,140.98333,8.99,4.2,True,8814.0
8941,2021-07-12 03:22:29,39.86667,140.61667,15.95,4.5,True,8870.0
8942,2021-07-12 03:35:28,38.96667,142.53333,3.83,4.6,True,8916.0
8943,2021-07-12 04:02:36,38.75,141.01667,14.12,4.4,True,8872.0
8946,2021-07-12 06:41:58,40.08333,140.88333,11.32,3.5,True,8800.0
8948,2021-07-12 08:10:07,39.86667,142.63333,13.19,1.8,True,8902.0
8951,2021-07-12 09:43:21,39.81667,140.61667,12.34,2.1,True,8870.0
8952,2021-07-12 09:54:09,39.28333,140.55,9.05,4.6,True,8869.0
8953,2021-07-12 09:56:40,39.55,141.15,16.43,4.2,True,8924.0
8956,2021-07-12 10:21:09,40.91667,140.36667,15.98,2.9,True,8880.0
8957,2021-07-12 10:53:18,39.48333,141.71667,15.19,3.9,True,8945.0
8959,2021-07-12 11:09:37,39.2,141.83333,22.95,2.8,True,8853.0
8960,2021-07-12 11:40:00,40.06667,141.78333,16.64,2.0,True,8882.0
8961,2021-07-12 12:50:14,39.33333,141.08333,11.07,2.9,True,8924.0
8962,2021-07-12 13:23:32,39.56667,141.3,15.85,4.3,True,8924.0
8963,2021-07-12 13:28:15,39.15,141.9,13.0,3.7,True,8750.0
8964,2021-07-12 13:41:32,40.83333,142.3,23.32,5.0,True,8789.0
8965,2021-07-12 17:20:18,39.05,140.43333,3.51,4.3,True,8839.0
8967,2021-07-12 18:27:42,38.31667,140.01667,12.95,3.6,True,8758.0
8968,2021-07-12 18:30:49,41.0,140.93333,10.57,4.2,True,8908.0
8969,2021-07-12 20:40:37,41.06667,141.01667,23.13,2.5,True,8908.0
8970,2021-07-12 20:48:07,39.73333,141.21667,17.39,2.4,True,8828.0
8971,2021-07-12 20:53:10,40.46667,140.3,11.9,2.4,True,8862.0
8972,2021-07-12 20:56:07,39.55,140.51667,10.38,3.3,True,8952.0
8973,2021-07-12 20:57:14,39.28333,141.41667,12.82,2.3,True,8853.0
8974,2021-07-12 21:03:12,39.18333,140.75,12.71,3.7,True,8952.0
8975,2021-07-12 21:06:53,39.66667,140.46667,2.2,3.1,True,8779.0
8976,2021-07-12 21:08:56,40.83333,142.5,14.68,3.6,True,8964.0
8977,2021-07-12 21:10:27,39.86667,140.06667,16.49,4.9,True,8847.0
8979,2021-07-12 21:33:55,39.38333,141.8,13.95,3.6,True,8957.0
8980,2021-07-12 21:38:26,38.9,141.66667,12.28,4.4,True,8853.0
8981,2021-07-12 21:41:28,40.13333,141.96667,9.16,4.0,True,8893.0
8982,2021-07-12 21:48:22,39.01667,141.91667,7.68,2.6,True,8750.0
8983,2021-07-12 21:52:51,38.7,142.01667,2.45,4.7,True,8931.0
8984,2021-07-12 21:58:48,38.98333,141.21667,16.8,2.6,True,8831.0
8985,2021-07-12 21:59:46,39.18333,141.5,23.4,2.0,True,8853.0
8986,2021-07-12 22:01:53,39.48333,141.25,18.12,3.4,True,8924.0
8988,2021-07-12 22:03:43,40.13333,141.95,7.14,3.6,True,8893.0
8989,2021-07-12 22:04:37,40.35,142.45,16.57,4.2,True,8893.0
8990,2021-07-12 22:06:25,39.51667,141.06667,7.71,3.7,True,8924.0
8992,2021-07-12 22:08:38,40.18333,142.31667,8.74,3.7,True,8893.0
8993,2021-07-12 22:10:17,38.48333,141.45,10.18,4.7,True,8872.0
8994,2021-07-12 22:11:10,40.36667,143.5,9.25,3.6,True,8958.0
8996,2021-07-12 22:25:29,40.96667,140.5,19.08,4.8,True,8908.0
8997,2021-07-12 22:28:09,39.78333,140.68333,12.38,3.2,True,8870.0
8998,2021-07-12 22:29:18,41.13333,140.11667,11.93,4.6,True,8880.0
8999,2021-07-12 22:32:22,38.03333,142.6,13.04,3.3,True,8925.0
9000,2021-07-12 22:34:10,40.7,140.06667,11.5,1.9,True,8880.0
9001,2021-07-12 22:35:38,40.45,141.01667,15.5,3.2,True,8939.0
9002,2021-07-12 22:44:16,38.45,142.23333,12.86,4.9,True,8912.0
9003,2021-07-12 22:52:14,41.01667,140.88333,20.24,4.6,True,8908.0
9004,2021-07-12 22:52:49,40.83333,141.13333,17.9,4.4,True,8927.0
9005,2021-07-12 22:56:09,41.15,140.6,13.03,2.2,True,8996.0
9006,2021-07-12 23:00:07,39.55,140.26667,12.06,2.9,True,8847.0
9007,2021-07-12 23:11:41,39.25,140.63333,13.91,3.3,True,8952.0
9008,2021-07-12 23:29:54,39.36667,141.76667,11.73,3.3,True,8957.0
9009,2021-07-12 23:52:07,39.05,142.85,22.39,3.9,True,8942.0
9010,2021-07-12 23:56:11,41.08333,141.6,14.79,2.9,True,8812.0
9011,2021-07-13 00:05:04,37.61667,141.4,9.98,2.9,True,8836.0
9012,2021-07-13 00:15:58,41.65,140.35,15.39,3.0,True,8874.0
9013,2021-07-13 00:25:04,40.93333,142.03333,6.72,4.3,True,8964.0
9014,2021-07-13 00:43:24,40.85,140.6,13.14,4.5,True,8790.0
9015,2021-07-13 00:50:28,40.23333,140.18333,20.68,4.7,True,8862.0
9017,2021-07-13 00:52:44,40.15,141.6,19.46,1.7,True,8921.0
9018,2021-07-13 01:01:50,39.96667,141.85,10.85,2.5,True,8882.0
9019,2021-07-13 01:02:42,38.63333,141.96667,14.22,2.5,True,8983.0
9020,2021-07-13 01:15:00,40.03333,141.41667,16.58,2.9,True,8808.0
9021,2021-07-13 01:27:57,37.9,142.01667,13.45,3.4,True,8797.0
9022,2021-07-13 01:36:14,40.78333,142.28333,13.03,2.5,True,8964.0
9023,2021-07-13 01:37:20,40.35,140.01667,8.71,3.3,True,8862.0
9024,2021-07-13 01:52:58,41.23333,141.68333,13.5,3.2,True,8812.0
9025,2021-07-13 02:28:07,39.51667,141.76667,10.47,2.9,True,8957.0
9026,2021-07-13 02:29:56,40.26667,140.2,13.67,3.2,True,8862.0
9028,2021-07-13 02:40:36,38.6,140.9,7.83,2.9,True,8872.0
9029,2021-07-13 02:51:08,39.56667,141.71667,11.16,3.9,True,8882.0
9030,2021-07-13 03:07:22,39.31667,141.46667,15.75,2.9,True,8853.0
9034,2021-07-13 04:45:14,38.85,141.01667,5.22,4.0,True,8839.0
9035,2021-07-13 05:22:21,39.6,141.33333,12.37,2.9,True,8924.0
9036,2021-07-13 05:30:17,39.5,141.91667,15.37,3.3,True,8957.0
9037,2021-07-13 05:37:56,40.78333,140.4,11.73,3.4,True,8790.0
9038,2021-07-13 05:53:42,40.43333,141.0,19.71,4.3,True,8939.0
9040,2021-07-13 06:19:24,40.58333,140.61667,14.1,4.0,True,8790.0
9041,2021-07-13 07:09:54,40.4,141.7,14.46,3.6,True,8921.0
9042,2021-07-13 07:35:27,40.33333,142.2,13.89,4.5,True,8893.0
9043,2021-07-13 08:23:49,38.5,142.33333,5.34,3.9,True,9002.0
9044,2021-07-13 08:32:08,39.9,140.05,7.75,3.5,True,8847.0
9045,2021-07-13 09:08:58,41.08333,140.35,12.97,4.3,True,8996.0
9046,2021-07-13 10:07:25,40.38333,140.5,16.41,3.7,True,8862.0
9048,2021-07-13 10:08:40,37.8,142.26667,19.79,2.4,True,8925.0
9049,2021-07-13 10:22:35,41.1,140.28333,16.35,3.9,True,8996.0
9050,2021-07-13 10:30:19,38.33333,141.96667,11.32,1.8,True,9002.0
9051,2021-07-13 10:43:34,39.43333,140.36667,6.72,3.8,True,8952.0
9052,2021-07-13 10:58:27,39.88333,141.88333,7.13,4.8,True,8882.0
9053,2021-07-13 11:25:33,39.61667,140.56667,16.52,3.6,True,8779.0
9054,2021-07-13 12:53:49,38.18333,140.45,26.23,0.8,True,8758.0
9056,2021-07-13 14:28:13,40.11667,142.16667,6.87,3.7,True,8893.0
9057,2021-07-13 15:17:10,39.28333,140.21667,20.81,4.6,True,8952.0
9059,2021-07-13 15:29:44,39.85,140.8,21.13,1.9,True,8870.0
9060,2021-07-13 15:50:14,39.53333,140.23333,6.77,2.7,True,8847.0
9061,2021-07-13 15:53:23,41.01667,141.16667,19.11,2.7,True,8812.0
9064,2021-07-13 16:29:30,39.61667,141.03333,13.41,4.0,True,9058.0
9066,2021-07-13 16:46:15,39.88333,140.98333,11.54,3.4,True,8944.0
9067,2021-07-13 16:57:04,40.76667,140.75,13.13,2.5,True,8790.0
9068,2021-07-13 19:35:15,38.48333,140.53333,14.94,1.8,True,8772.0
9069,2021-07-13 20:21:07,40.2,142.0,10.22,4.5,True,8893.0
9070,2021-07-14 00:50:23,41.38333,140.58333,14.14,2.1,True,8819.0
9071,2021-07-14 03:42:20,41.1,140.9,7.7,4.4,True,8908.0
9072,2021-07-14 04:34:29,40.41667,140.7,21.0,1.9,True,9031.0
9074,2021-07-14 05:51:54,40.8,140.11667,15.07,4.5,True,8880.0
9075,2021-07-14 06:10:07,40.63333,141.2,13.58,3.5,True,8814.0
9076,2021-07-14 06:15:16,39.56667,140.95,10.53,2.8,True,9058.0
9077,2021-07-14 06:45:01,38.45,141.68333,14.7,3.1,True,8755.0
9078,2021-07-14 06:52:36,41.31667,140.08333,12.53,3.9,True,8873.0
9082,2021-07-14 07:32:14,39.91667,141.51667,12.66,3.3,True,8882.0
9083,2021-07-14 07:39:51,41.13333,140.93333,21.51,4.8,True,8908.0
9084,2021-07-14 07:44:43,38.88333,142.83333,18.49,3.0,True,8942.0
9085,2021-07-14 07:47:30,40.08333,141.05,12.94,4.6,True,8808.0
9086,2021-07-14 08:03:56,39.05,142.01667,15.21,4.7,True,9065.0
9088,2021-07-14 08:43:55,41.1,140.9,13.68,2.5,True,9083.0
9089,2021-07-14 08:58:21,41.3,140.66667,12.72,1.5,True,9083.0
9090,2021-07-14 08:59:49,40.08333,141.03333,17.28,3.5,True,9085.0
9091,2021-07-14 09:00:55,39.66667,140.75,10.94,2.5,True,9058.0
9092,2021-07-14 09:05:30,40.85,140.41667,11.19,2.1,True,8790.0
9093,2021-07-14 09:14:18,39.6,141.01667,12.81,3.1,True,9058.0
9095,2021-07-14 09:25:10,40.68333,141.21667,10.97,4.3,True,9081.0
9096,2021-07-14 09:36:23,40.21667,141.71667,10.0,4.8,True,8921.0
9097,2021-07-14 09:39:09,40.9,140.9,20.64,4.1,True,9083.0
9098,2021-07-14 09:48:00,40.83333,142.03333,14.02,4.9,True,8964.0
9099,2021-07-14 09:51:21,39.96667,140.85,10.07,3.9,True,8870.0
9100,2021-07-14 09:59:35,40.18333,141.08333,8.83,3.2,True,9085.0
9101,2021-07-14 10:02:02,40.58333,140.75,9.17,4.4,True,8790.0
9102,2021-07-14 10:23:03,39.41667,142.1,13.76,4.3,True,9065.0
9103,2021-07-14 10:56:56,40.8,141.41667,10.54,3.9,True,9081.0
9104,2021-07-14 11:50:27,39.6,141.45,22.35,2.2,True,8924.0
9105,2021-07-14 12:18:29,39.38333,140.75,13.63,3.1,True,8952.0
9106,2021-07-14 12:19:40,40.21667,140.16667,15.22,2.8,True,8862.0
9107,2021-07-14 12:42:32,39.15,141.0,8.62,3.6,True,8833.0
9108,2021-07-14 12:47:15,39.9,140.5,12.33,4.1,True,8870.0
9109,2021-07-14 12:51:43,40.16667,141.81667,20.26,2.7,True,9096.0
9110,2021-07-14 12:56:01,39.16667,140.95,12.6,4.2,True,8775.0
9111,2021-07-14 12:59:39,39.26667,141.3,13.5,3.6,True,8853.0
9112,2021-07-14 13:00:16,39.81667,141.93333,12.03,3.6,True,9052.0
9114,2021-07-14 13:37:29,39.1,141.55,8.98,3.7,True,8853.0
9116,2021-07-14 13:45:32,39.86667,141.86667,18.79,3.6,True,9052.0
9117,2021-07-14 13:48:44,39.46667,141.45,10.43,2.7,True,8924.0
9118,2021-07-14 14:09:23,41.0,140.98333,20.48,4.0,True,9083.0
9119,2021-07-14 15:03:13,40.26667,141.58333,20.61,4.3,True,9096.0
9120,2021-07-14 15:06:48,40.71667,140.0,12.47,2.0,True,8880.0
9121,2021-07-14 17:05:22,41.13333,140.25,10.05,2.0,True,8996.0
9122,2021-07-14 17:15:38,40.4,140.98333,15.83,4.4,True,8808.0
9123,2021-07-14 18:47:49,40.73333,143.05,10.64,3.8,True,8798.0
9124,2021-07-14 19:43:33,39.96667,141.28333,12.78,3.6,True,9085.0
9125,2021-07-14 19:55:05,40.63333,142.38333,19.38,3.7,True,8964.0
9127,2021-07-14 20:39:01,39.01667,141.58333,11.62,4.2,True,8853.0
9128,2021-07-14 21:02:15,38.61667,140.48333,8.25,4.2,True,8772.0
9129,2021-07-14 21:13:52,38.21667,140.53333,6.19,3.8,True,8801.0
9130,2021-07-14 21:15:11,39.4,141.1,20.99,1.9,True,8924.0
9132,2021-07-14 22:32:46,40.31667,141.71667,19.67,2.7,True,9096.0
9133,2021-07-14 22:34:22,39.46667,140.55,10.58,3.0,True,8952.0
9134,2021-07-14 23:11:39,39.9,141.81667,9.35,3.6,True,9052.0
9135,2021-07-15 00:45:32,39.48333,141.13333,12.17,2.7,True,8924.0
9136,2021-07-15 01:24:26,40.25,143.01667,23.6,4.2,True,8857.0
9137,2021-07-15 01:54:36,39.06667,142.16667,13.6,3.3,True,9065.0
9138,2021-07-15 02:08:48,37.85,140.0,9.72,4.9,True,9073.0
9140,2021-07-15 02:35:22,41.25,141.88333,20.83,3.3,True,9094.0
9141,2021-07-15 02:36:56,38.16667,142.63333,11.46,3.2,True,8926.0
9143,2021-07-15 02:40:04,40.01667,141.86667,19.1,4.9,True,9052.0
9144,2021-07-15 02:42:10,40.71667,142.91667,12.3,4.4,True,8798.0
9145,2021-07-15 02:44:30,41.21667,141.81667,8.36,2.1,True,9094.0
9147,2021-07-15 02:46:14,41.51667,140.61667,13.18,4.6,True,8819.0
9148,2021-07-15 02:48:01,39.73333,141.65,17.3,4.1,True,9052.0
9149,2021-07-15 02:54:10,41.26667,140.05,22.93,2.3,True,8873.0
9150,2021-07-15 02:54:54,39.2,141.05,15.73,2.5,True,8833.0
9151,2021-07-15 02:56:24,39.86667,140.76667,11.46,2.3,True,8870.0
9152,2021-07-15 02:58:52,40.36667,140.48333,9.71,2.7,True,8862.0
9153,2021-07-15 02:59:20,41.85,140.05,17.98,4.6,True,8874.0
9155,2021-07-15 03:05:02,39.33333,143.61667,6.51,3.4,True,8879.0
9156,2021-07-15 03:07:24,38.91667,141.75,17.75,2.7,True,8853.0
9158,2021-07-15 03:25:21,40.76667,143.08333,16.08,2.9,True,8798.0
9161,2021-07-15 03:32:56,38.85,142.3,13.3,2.7,True,8983.0
9162,2021-07-15 03:35:45,40.1,141.71667,16.14,2.0,True,9143.0
9163,2021-07-15 03:41:51,39.4,141.88333,10.71,2.7,True,9065.0
9164,2021-07-15 03:47:36,40.05,143.76667,7.42,4.0,True,9055.0
9165,2021-07-15 03:49:52,39.48333,141.61667,4.66,2.8,True,8924.0
9166,2021-07-15 03:58:40,40.88333,142.13333,8.82,4.1,True,8964.0
9167,2021-07-15 03:59:33,39.76667,140.7,12.94,3.1,True,8870.0
9168,2021-07-15 04:02:12,41.15,140.88333,12.3,3.9,True,9083.0
9169,2021-07-15 04:16:26,39.4,141.5,15.01,3.3,True,8924.0
9170,2021-07-15 04:24:44,41.05,140.35,12.84,3.1,True,8996.0
9171,2021-07-15 04:28:17,40.95,140.38333,9.93,4.9,True,8996.0
9172,2021-07-15 04:33:20,39.43333,141.41667,15.71,4.1,True,8924.0
9173,2021-07-15 04:34:12,40.08333,141.25,12.12,3.5,True,9085.0
9174,2021-07-15 04:57:42,40.11667,142.86667,18.19,2.7,True,9136.0
9175,2021-07-15 05:02:12,40.78333,140.61667,11.3,4.4,True,8790.0
9177,2021-07-15 05:16:40,40.26667,140.66667,6.91,4.9,True,9126.0
9178,2021-07-15 05:35:33,39.31667,141.25,14.19,4.8,True,8924.0
9179,2021-07-15 07:19:08,40.48333,142.18333,18.09,1.4,True,8893.0
9180,2021-07-15 08:13:49,40.48333,140.43333,20.98,3.3,True,8790.0
9181,2021-07-15 09:31:29,40.3,140.31667,12.99,4.4,True,8862.0
9183,2021-07-15 11:43:58,39.6,140.7,16.37,3.0,True,9058.0
9185,2021-07-15 12:46:25,39.85,140.23333,10.24,3.2,True,8847.0
9187,2021-07-15 17:34:05,41.36667,140.05,18.43,2.8,True,8760.0
9188,2021-07-15 18:16:59,38.71667,142.63333,8.38,4.4,True,8942.0
9189,2021-07-16 01:22:03,40.25,143.83333,5.98,3.8,True,9055.0
9190,2021-07-16 01:26:41,40.75,140.63333,14.98,3.5,True,8790.0
9191,2021-07-16 05:26:48,41.4,141.88333,8.25,3.0,True,9094.0
9192,2021-07-16 05:37:22,40.93333,140.33333,15.51,3.2,True,9171.0
9193,2021-07-16 05:38:08,41.31667,140.86667,8.63,3.6,True,9083.0
9194,2021-07-16 05:53:06,40.0,142.21667,20.29,3.1,True,9143.0
9195,2021-07-16 06:04:20,39.4,140.26667,14.04,4.1,True,8952.0
9196,2021-07-16 06:05:22,40.81667,140.28333,11.18,4.9,True,8790.0
9197,2021-07-16 06:12:53,41.28333,141.85,13.31,2.8,True,9094.0
9198,2021-07-16 06:16:45,40.38333,140.38333,16.85,3.6,True,8862.0
9199,2021-07-16 06:19:23,39.28333,142.08333,18.37,3.2,True,9065.0
9200,2021-07-16 06:24:52,39.85,141.0,18.18,2.3,True,9085.0
9201,2021-07-16 06:25:31,39.41667,141.31667,15.47,3.2,True,9178.0
9202,2021-07-16 06:29:08,42.0,140.05,18.67,3.5,True,8874.0
9203,2021-07-16 06:44:33,39.3,140.31667,14.18,2.5,True,8952.0
9204,2021-07-16 06:49:41,41.43333,140.83333,8.75,4.6,True,9147.0
9205,2021-07-16 07:02:18,40.46667,140.66667,8.93,3.6,True,8790.0
9207,2021-07-16 07:18:04,39.48333,140.61667,8.96,4.6,True,8952.0
9208,2021-07-16 07:22:46,41.96667,140.53333,19.09,3.2,True,8881.0
9209,2021-07-16 07:40:23,40.01667,140.06667,12.0,3.7,True,8807.0
9210,2021-07-16 08:25:30,37.88333,142.56667,5.79,3.7,True,8925.0
9211,2021-07-16 09:15:58,39.38333,140.45,12.94,4.1,True,8952.0
9212,2021-07-16 09:35:41,40.45,141.76667,9.86,4.3,True,9096.0
9213,2021-07-16 10:00:42,39.48333,142.05,3.42,4.1,True,9065.0
9214,2021-07-16 10:10:17,40.46667,143.36667,15.08,4.8,True,8994.0
9215,2021-07-16 10:22:39,40.78333,140.71667,11.01,3.4,True,8790.0
9216,2021-07-16 10:55:38,38.9,144.35,9.35,3.9,True,8827.0
9217,2021-07-16 12:20:52,39.55,140.95,2.54,2.6,True,9058.0
9218,2021-07-16 12:40:40,39.46667,141.81667,11.85,4.3,True,9065.0
9219,2021-07-16 13:17:57,39.88333,140.33333,12.12,2.3,True,8847.0
9220,2021-07-16 13:36:07,38.76667,141.13333,3.27,2.8,True,8872.0
9222,2021-07-16 14:38:58,38.56667,142.7,14.49,4.2,True,8785.0
9223,2021-07-16 15:40:28,38.8,142.18333,19.65,2.4,True,8983.0
9224,2021-07-16 15:40:44,39.76667,142.13333,17.49,1.5,True,9052.0
9225,2021-07-16 15:45:58,40.73333,141.15,11.05,2.7,True,9081.0
9226,2021-07-16 15:51:12,41.03333,141.5,7.19,2.5,True,9081.0
9227,2021-07-16 16:00:31,40.36667,140.43333,12.09,2.4,True,8862.0
9228,2021-07-16 16:08:25,40.43333,140.31667,12.04,3.0,True,8862.0
9229,2021-07-16 16:11:11,39.16667,141.76667,16.24,3.4,True,8853.0
9230,2021-07-16 16:23:26,40.96667,140.16667,14.12,3.8,True,9171.0
9232,2021-07-16 16:30:35,39.08333,141.38333,11.04,3.7,True,8853.0
9233,2021-07-16 16:33:59,39.83333,140.4,11.8,3.9,True,8870.0
9235,2021-07-16 17:18:21,40.21667,142.83333,12.19,3.4,True,9136.0
9236,2021-07-16 17:22:09,40.26667,141.0,11.01,3.9,True,9177.0
9237,2021-07-16 17:27:35,39.18333,141.66667,12.59,2.6,True,8853.0
9238,2021-07-16 17:54:51,41.66667,140.75,7.29,4.2,True,9147.0
9240,2021-07-16 18:07:20,40.4,141.35,13.06,4.7,True,8921.0
9241,2021-07-16 18:55:44,38.85,140.98333,9.65,4.9,True,8839.0
9242,2021-07-16 19:40:27,40.56667,140.38333,9.93,3.4,True,8790.0
9243,2021-07-16 20:05:54,41.18333,140.45,13.01,2.9,True,9171.0
9244,2021-07-16 20:10:24,40.65,140.46667,14.25,3.8,True,8790.0
9245,2021-07-16 20:22:22,40.1,141.15,9.65,4.0,True,9085.0
9246,2021-07-16 20:26:17,39.96667,140.8,21.48,3.3,True,8870.0
9247,2021-07-16 21:06:19,40.68333,141.05,20.13,2.3,True,9004.0
9248,2021-07-16 21:07:58,40.2,142.31667,9.72,3.7,True,8893.0
9251,2021-07-16 23:34:46,39.51667,140.6,16.94,2.7,True,8952.0
9252,2021-07-16 23:43:45,40.83333,141.36667,14.06,3.5,True,9081.0
9253,2021-07-17 00:34:01,40.66667,140.5,14.42,3.6,True,8790.0
9254,2021-07-17 00:55:10,39.93333,141.11667,12.6,3.9,True,9085.0
9256,2021-07-17 01:33:07,39.95,141.5,1.79,3.8,True,8882.0
9257,2021-07-17 01:36:37,40.4,140.71667,11.9,3.2,True,9177.0
9258,2021-07-17 03:51:05,41.01667,140.31667,16.1,3.1,True,9171.0
9259,2021-07-17 06:11:35,40.25,142.46667,15.84,4.8,True,8893.0
9260,2021-07-17 09:42:07,39.76667,140.18333,16.35,4.0,True,8847.0
9261,2021-07-17 10:02:23,40.56667,141.08333,20.22,4.9,True,9240.0
9262,2021-07-17 10:02:57,40.65,141.68333,18.69,3.7,True,8892.0
9263,2021-07-17 10:17:22,41.2,140.46667,17.74,3.2,True,9171.0
9264,2021-07-17 10:34:09,38.45,142.78333,14.68,2.9,True,9222.0
9266,2021-07-17 11:08:25,38.91667,141.5,16.22,3.5,True,8853.0
9268,2021-07-17 11:22:49,39.58333,143.15,7.19,3.9,True,8855.0
9269,2021-07-17 11:27:43,39.26667,141.13333,9.18,3.3,True,9178.0
9270,2021-07-17 11:36:47,39.55,141.08333,13.48,3.5,True,9178.0
9271,2021-07-17 11:53:25,40.7,140.71667,13.37,2.6,True,8790.0
9272,2021-07-17 12:00:18,41.46667,140.81667,12.72,4.5,True,9147.0
9273,2021-07-17 12:20:57,38.88333,141.66667,13.63,3.4,True,8853.0
9274,2021-07-17 12:38:33,38.6,142.21667,11.38,4.3,True,9002.0
9275,2021-07-17 14:18:22,39.81667,140.56667,13.35,2.9,True,8870.0
9277,2021-07-17 14:31:38,39.15,142.06667,14.6,4.8,True,9065.0
9278,2021-07-17 15:04:56,40.5,141.35,9.22,3.7,True,9261.0
9279,2021-07-17 17:18:10,40.25,143.11667,8.53,3.9,True,9265.0
9280,2021-07-17 17:48:21,40.36667,140.38333,13.89,2.5,True,8862.0
9281,2021-07-17 20:38:23,41.2,140.78333,15.28,4.4,True,9083.0
9282,2021-07-17 21:42:00,39.48333,140.25,15.13,3.8,True,8869.0
9284,2021-07-18 01:06:40,40.33333,140.5,23.23,2.8,True,9177.0
9285,2021-07-18 02:03:55,39.81667,141.81667,10.83,4.0,True,9143.0
9286,2021-07-18 02:49:24,40.68333,141.25,15.13,3.7,True,9261.0
9287,2021-07-18 02:56:50,40.6,141.48333,19.53,2.7,True,9081.0
9288,2021-07-18 06:52:32,39.1,140.6,14.97,3.1,True,8839.0
9289,2021-07-18 08:20:34,39.6,140.2,9.52,4.9,True,8847.0
9290,2021-07-18 08:44:00,39.35,142.05,12.3,4.3,True,9065.0
9291,2021-07-19 01:13:38,40.51667,142.1,13.78,4.8,True,8789.0
9292,2021-07-19 10:23:45,39.1,141.41667,13.82,0.9,True,8853.0
9293,2021-07-19 15:59:36,40.6,140.1,15.48,3.2,True,8862.0
9295,2021-07-20 08:11:02,41.46667,140.38333,15.89,4.0,True,9147.0
9296,2021-07-20 11:25:40,38.13333,142.23333,65.11,2.2,True,8926.0
9297,2021-07-22 07:25:52,38.05,140.01667,9.77,2.0,True,9138.0
9302,2021-07-23 22:13:39,38.38333,140.46667,13.03,4.8,True,9239.0
9304,2021-07-24 17:53:02,41.11667,140.7,6.71,2.5,True,8996.0
9308,2021-07-27 02:35:06,39.08333,141.66667,14.66,1.9,True,8853.0
9310,2021-07-27 15:53:42,38.7,140.21667,10.33,3.6,True,8910.0
9311,2021-07-27 18:39:39,37.65,140.25,31.19,0.8,True,9073.0
9314,2021-07-29 06:57:21,39.48333,143.73333,7.25,1.5,True,8879.0
9316,2021-07-31 01:20:15,41.33333,145.75,45.03,1.4,True,9305.0
9319,2021-08-01 15:31:30,41.03333,141.13333,11.53,4.3,True,9083.0
9348,2021-08-28 10:07:33,37.8,142.66667,22.48,3.3,True,9346.0
9359,2021-09-02 04:19:22,38.96667,145.85,9.55,1.1,True,9354.0
9375,2021-09-10 05:40:09,39.31667,140.16667,60.67,4.8,True,9370.0
9397,2021-09-27 19:27:35,41.1,140.65,5.73,2.2,True,9396.0
9401,2021-09-30 10:02:30,41.23333,140.53333,8.25,3.8,True,9396.0
9552,2022-02-05 21:02:10,36.15,145.91667,2.39,0.9,True,9538.0
9553,2022-02-05 21:20:46,36.01667,145.78333,2.25,1.0,True,9544.0
9560,2022-02-07 17:25:32,36.18333,145.86667,0.21,1.5,True,9538.0
9561,2022-02-07 17:54:38,36.38333,145.85,0.42,1.6,True,9559.0
9562,2022-02-07 18:44:52,36.13333,145.28333,0.19,1.1,True,9542.0
9566,2022-02-09 08:30:43,40.21667,142.91667,28.62,4.2,True,9556.0
9607,2022-03-13 00:44:39,36.0,143.18333,6.97,0.9,True,9605.0
9638,2022-04-03 23:25:09,36.8,145.65,1.18,1.4,True,9633.0
9647,2022-04-10 21:24:54,36.88333,142.96667,5.55,1.1,True,9639.0
9663,2022-04-20 14:35:07,36.03333,145.36667,8.28,1.0,True,9656.0
9714,2022-04-26 08:14:54,39.98333,145.68333,24.66,1.4,True,9711.0
9723,2022-05-02 03:41:21,39.96667,145.9,3.96,1.1,True,9722.0
9811,2022-07-04 13:03:29,36.85,145.71667,2.13,0.8,True,9797.0
9813,2022-07-04 13:52:12,36.81667,145.71667,1.57,1.1,True,9797.0
9843,2022-07-24 20:51:44,36.6,143.15,5.93,0.8,True,9837.0
9887,2022-09-03 08:54:56,38.33333,144.31667,9.84,0.9,True,9886.0
9965,2022-11-19 20:47:51,37.76667,144.96667,6.23,1.5,True,9962.0
10003,2022-12-26 18:24:29,41.03333,140.91667,6.87,1.5,True,10002.0
10048,2023-02-10 07:12:06,36.01667,143.31667,5.87,0.8,True,10040.0
10074,2023-03-01 17:57:22,36.71667,141.8,9.92,0.8,True,10070.0
10096,2023-03-09 23:37:55,37.8,141.4,12.73,1.0,True,10093.0
10161,2023-03-30 02:48:57,38.11667,145.56667,10.38,1.1,True,10125.0
10244,2023-05-22 01:45:49,37.61667,142.33333,13.28,1.1,True,10234.0
10251,2023-05-25 05:59:08,38.31667,143.96667,3.9,1.1,True,10246.0
10255,2023-05-26 15:46:25,41.75,145.75,35.46,2.0,True,10243.0
10284,2023-06-15 18:35:41,40.4,142.91667,19.33,1.7,True,10283.0
10389,2023-09-27 19:36:15,39.93333,145.9,5.62,1.1,True,10386.0
10394,2023-10-02 03:07:32,39.61667,145.48333,5.31,1.0,True,10392.0
